id,panchayat,state,block,district,latitude,longitude,elevation
kanheri,Kanheri,Maharashtra,Baramati,Pune,18.19,74.56,548
jalochi,Jalochi,Maharashtra,Baramati,Pune,18.16,74.61,556
medad,Medad,Maharashtra,Baramati,Pune,18.13,74.55,572
nimbut,Nimbut,Maharashtra,Baramati,Pune,18.21,74.63,541
songaon,Songaon,Maharashtra,Baramati,Pune,18.11,74.6,563
gunawadi,Gunawadi,Maharashtra,Baramati,Pune,18.17,74.5,589
pandare,Pandare,Maharashtra,Baramati,Pune,18.23,74.58,552
korhale,Korhale,Maharashtra,Baramati,Pune,18.14,74.66,545
lasalgaon,Lasalgaon,Maharashtra,Niphad,Nashik,20.14,74.24,590
pimpalgaon,Pimpalgaon Baswant,Maharashtra,Niphad,Nashik,20.17,73.98,620
vinchur,Vinchur,Maharashtra,Niphad,Nashik,20.05,74.27,575
ozar,Ozar,Maharashtra,Niphad,Nashik,20.09,73.94,640
shendurni,Shendurni,Maharashtra,Jamner,Jalgaon,20.7,75.8,340
pahur,Pahur,Maharashtra,Jamner,Jalgaon,20.77,75.63,385
neri,Neri,Maharashtra,Jamner,Jalgaon,20.71,75.75,360
lohara,Lohara,Maharashtra,Jamner,Jalgaon,20.9,75.84,310
